{
  "project_info": {
    "project_number": "627116939017",
    "firebase_url": "https://nedle-2cf29.firebaseio.com",
    "project_id": "nedle-2cf29",
    "storage_bucket": "nedle-2cf29.appspot.com"
  },
  "client": [
    {
      "client_info": {
        "mobilesdk_app_id": "1:627116939017:android:afdc4633c5f4e90a1fa5d8",
        "android_client_info": {
          "package_name": "com.example.newwwdle"
        }
      },
      "oauth_client": [
        {
          "client_id": "627116939017-onfk0q57ba4mjfgqg1d6q33kp8svfv84.apps.googleusercontent.com",
          "client_type": 1,
          "android_info": {
            "package_name": "com.example.newwwdle",
            "certificate_hash": "215eae4c03119d193fafe2a38187abef87165a07"
          }
        },
        {
          "client_id": "627116939017-8utqpj9d443am3k2j52g83pga0e80ipm.apps.googleusercontent.com",
          "client_type": 3
        }
      ],
      "api_key": [
        {
          "current_key": "AIzaSyAz9TU1vrb9Bi13oPidXw9sGWr5wKdPvMc"
        }
      ],
      "services": {
        "appinvite_service": {
          "other_platform_oauth_client": [
            {
              "client_id": "627116939017-8utqpj9d443am3k2j52g83pga0e80ipm.apps.googleusercontent.com",
              "client_type": 3
            }
          ]
        }
      }
    }
  ],
  "configuration_version": "1"
}